{
    "mapData": {
        "minuteOfTheYear": 245289,
        "layerType": "intersectionData",
        "intersectionGeometry": {
            "referencePoint": {
                "descriptiveIntersctionName": "Intersection_RSU#11",
                "layerID": 1,
                "intersectionID": 9705,
                "msgCount": 1,
                "masterLaneWidth": 325,
                "referenceLat": 48.75497087860157,
                "referenceLon": 11.474492703438496,
                "referenceElevation": 410
            },
            "referencePointChild": {
                "speedLimitType": [
                    {
                        "speedLimitType": "Vehicle Max Speed",
                        "velocity": 16.67
                    }
                ]
            },
            "verifiedPoint": {
                "verifiedMapLat": 48.75502125150045,
                "verifiedMapLon": 11.474398979492877,
                "verifiedMapElevation": 410,
                "verifiedSurveyedLat": 48.755,
                "verifiedSurveyedLon": 11.474233,
                "verifiedSurveyedElevation": 410
            },
            "laneList": {
                "approach": [
                    {
                        "approachType": "Ingress",
                        "approachID": 1,
                        "drivingLanes": [
                            {
                                "laneID": 1,
                                "descriptiveName": "RSU#11_Ingress_IN Campus Nord_Egress_Am Auwaldsee",
                                "laneType": "Vehicle",
                                "typeAttributes": [
                                    0
                                ],
                                "sharedWith": [
                                    3
                                ],
                                "connections": [
                                    {
                                        "connectionId": 1,
                                        "remoteID": "",
                                        "fromLane": 1,
                                        "toLane": 3,
                                        "signal_id": "",
                                        "maneuvers": [
                                            0
                                        ]
                                    },
                                    {
                                        "connectionId": 2,
                                        "remoteID": "",
                                        "fromLane": 1,
                                        "toLane": 5,
                                        "signal_id": "",
                                        "maneuvers": [
                                            2
                                        ]
                                    }
                                ],
                                "laneManeuvers": [
                                    0,
                                    2
                                ],
                                "laneNodes": [
                                    {
                                        "nodeNumber": 0,
                                        "nodeLat": 48.754980179117155,
                                        "nodeLong": 11.47463350966201,
                                        "nodeElev": 410,
                                        "laneWidthDelta": 0
                                    },
                                    {
                                        "nodeNumber": 1,
                                        "nodeLat": 48.754969472222044,
                                        "nodeLong": 11.474938555556154,
                                        "nodeElev": 410,
                                        "laneWidthDelta": 3
                                    },
                                    {
                                        "nodeNumber": 2,
                                        "nodeLat": 48.75496222222194,
                                        "nodeLong": 11.475166805556423,
                                        "nodeElev": 410,
                                        "laneWidthDelta": 0
                                    },
                                    {
                                        "nodeNumber": 3,
                                        "nodeLat": 48.75495080555583,
                                        "nodeLong": 11.475476611111219,
                                        "nodeElev": 410,
                                        "laneWidthDelta": 0
                                    },
                                    {
                                        "nodeNumber": 4,
                                        "nodeLat": 48.754943888888825,
                                        "nodeLong": 11.475656305556102,
                                        "nodeElev": 410,
                                        "laneWidthDelta": 3
                                    },
                                    {
                                        "nodeNumber": 5,
                                        "nodeLat": 48.754933250000256,
                                        "nodeLong": 11.475945888889397,
                                        "nodeElev": 410,
                                        "laneWidthDelta": 0
                                    },
                                    {
                                        "nodeNumber": 6,
                                        "nodeLat": 48.75492441666697,
                                        "nodeLong": 11.476206027777904,
                                        "nodeElev": 410,
                                        "laneWidthDelta": 0
                                    }
                                ]
                            }
                        ]
                    },
                    {
                        "approachType": "Egress",
                        "approachID": 2,
                        "drivingLanes": [
                            {
                                "laneID": 2,
                                "descriptiveName": "RSU#11_Egress_IN Campus Nord",
                                "laneType": "Vehicle",
                                "typeAttributes": [
                                    0
                                ],
                                "sharedWith": [
                                    3
                                ],
                                "connections": [
                                    {
                                        "connectionId": "",
                                        "remoteID": "",
                                        "fromLane": 2,
                                        "toLane": "",
                                        "signal_id": "",
                                        "maneuvers": []
                                    }
                                ],
                                "laneManeuvers": [
                                    0
                                ],
                                "laneNodes": [
                                    {
                                        "nodeNumber": 0,
                                        "nodeLat": 48.75495100169575,
                                        "nodeLong": 11.47463082745337,
                                        "nodeElev": 410,
                                        "laneWidthDelta": 2
                                    },
                                    {
                                        "nodeNumber": 1,
                                        "nodeLat": 48.75494008333317,
                                        "nodeLong": 11.47494541666731,
                                        "nodeElev": 410,
                                        "laneWidthDelta": 0
                                    },
                                    {
                                        "nodeNumber": 2,
                                        "nodeLat": 48.75493336111085,
                                        "nodeLong": 11.475140749999756,
                                        "nodeElev": 410,
                                        "laneWidthDelta": -3.0
                                    },
                                    {
                                        "nodeNumber": 3,
                                        "nodeLat": 48.75492094444397,
                                        "nodeLong": 11.475480583332947,
                                        "nodeElev": 410,
                                        "laneWidthDelta": 0
                                    },
                                    {
                                        "nodeNumber": 4,
                                        "nodeLat": 48.75491473144222,
                                        "nodeLong": 11.475654210927404,
                                        "nodeElev": 410,
                                        "laneWidthDelta": -3.0
                                    },
                                    {
                                        "nodeNumber": 5,
                                        "nodeLat": 48.75490355555578,
                                        "nodeLong": 11.475950944444323,
                                        "nodeElev": 410,
                                        "laneWidthDelta": -4.0
                                    },
                                    {
                                        "nodeNumber": 6,
                                        "nodeLat": 48.75489488888914,
                                        "nodeLong": 11.476210833332583,
                                        "nodeElev": 410,
                                        "laneWidthDelta": 4
                                    }
                                ]
                            }
                        ]
                    },
                    {
                        "approachType": "Egress",
                        "approachID": 3,
                        "drivingLanes": [
                            {
                                "laneID": 3,
                                "descriptiveName": "RSU#11_Egress_Am Auwaldsee",
                                "laneType": "Vehicle",
                                "typeAttributes": [
                                    0
                                ],
                                "sharedWith": [
                                    3
                                ],
                                "connections": [
                                    {
                                        "connectionId": "",
                                        "remoteID": "",
                                        "fromLane": 3,
                                        "toLane": "",
                                        "signal_id": "",
                                        "maneuvers": []
                                    }
                                ],
                                "laneManeuvers": [
                                    0
                                ],
                                "laneNodes": [
                                    {
                                        "nodeNumber": 0,
                                        "nodeLat": 48.75499041666684,
                                        "nodeLong": 11.474344694443982,
                                        "nodeElev": 411,
                                        "laneWidthDelta": 25
                                    },
                                    {
                                        "nodeNumber": 1,
                                        "nodeLat": 48.75500008333333,
                                        "nodeLong": 11.474082972221785,
                                        "nodeElev": 411,
                                        "laneWidthDelta": 0
                                    },
                                    {
                                        "nodeNumber": 2,
                                        "nodeLat": 48.75501383333321,
                                        "nodeLong": 11.47369841666731,
                                        "nodeElev": 411,
                                        "laneWidthDelta": 0
                                    },
                                    {
                                        "nodeNumber": 3,
                                        "nodeLat": 48.75503177777823,
                                        "nodeLong": 11.473210805556075,
                                        "nodeElev": 412,
                                        "laneWidthDelta": 0
                                    },
                                    {
                                        "nodeNumber": 4,
                                        "nodeLat": 48.75504363888918,
                                        "nodeLong": 11.472876000000108,
                                        "nodeElev": 412,
                                        "laneWidthDelta": 0
                                    },
                                    {
                                        "nodeNumber": 5,
                                        "nodeLat": 48.75506549999986,
                                        "nodeLong": 11.472277666666614,
                                        "nodeElev": 413,
                                        "laneWidthDelta": 0
                                    }
                                ]
                            }
                        ]
                    },
                    {
                        "approachType": "Ingress",
                        "approachID": 4,
                        "drivingLanes": [
                            {
                                "laneID": 4,
                                "descriptiveName": "RSU#11_Ingress_Am Auwaldsee_Egress_IN Campus Nord",
                                "laneType": "Vehicle",
                                "typeAttributes": [
                                    0
                                ],
                                "sharedWith": [
                                    3
                                ],
                                "connections": [
                                    {
                                        "connectionId": 1,
                                        "remoteID": "",
                                        "fromLane": 4,
                                        "toLane": 2,
                                        "signal_id": "",
                                        "maneuvers": [
                                            0
                                        ]
                                    },
                                    {
                                        "connectionId": 2,
                                        "remoteID": "",
                                        "fromLane": 4,
                                        "toLane": 5,
                                        "signal_id": "",
                                        "maneuvers": [
                                            1
                                        ]
                                    }
                                ],
                                "laneManeuvers": [
                                    0,
                                    1
                                ],
                                "laneNodes": [
                                    {
                                        "nodeNumber": 0,
                                        "nodeLat": 48.75495929073388,
                                        "nodeLong": 11.474342489986357,
                                        "nodeElev": 411,
                                        "laneWidthDelta": 25
                                    },
                                    {
                                        "nodeNumber": 1,
                                        "nodeLat": 48.75496825000012,
                                        "nodeLong": 11.474091333332616,
                                        "nodeElev": 411,
                                        "laneWidthDelta": 0
                                    },
                                    {
                                        "nodeNumber": 2,
                                        "nodeLat": 48.75498930555587,
                                        "nodeLong": 11.47351338888865,
                                        "nodeElev": 412,
                                        "laneWidthDelta": 0
                                    },
                                    {
                                        "nodeNumber": 3,
                                        "nodeLat": 48.75500738888906,
                                        "nodeLong": 11.47300633333256,
                                        "nodeElev": 412,
                                        "laneWidthDelta": 0
                                    },
                                    {
                                        "nodeNumber": 4,
                                        "nodeLat": 48.75502805555577,
                                        "nodeLong": 11.472441972222379,
                                        "nodeElev": 413,
                                        "laneWidthDelta": 0
                                    }
                                ]
                            }
                        ]
                    },
                    {
                        "approachType": "Both",
                        "approachID": 6,
                        "drivingLanes": [
                            {
                                "laneID": 5,
                                "descriptiveName": "RSU#11_Unclassified_Am Franziskanerwasser",
                                "laneType": "Vehicle",
                                "typeAttributes": [
                                    0
                                ],
                                "sharedWith": [
                                    3
                                ],
                                "connections": [
                                    {
                                        "connectionId": "",
                                        "remoteID": "",
                                        "fromLane": 5,
                                        "toLane": 2,
                                        "signal_id": "",
                                        "maneuvers": [
                                            1
                                        ]
                                    },
                                    {
                                        "connectionId": "",
                                        "remoteID": "",
                                        "fromLane": 5,
                                        "toLane": 3,
                                        "signal_id": "",
                                        "maneuvers": [
                                            2
                                        ]
                                    }
                                ],
                                "laneManeuvers": [
                                    1,
                                    2,
                                    8
                                ],
                                "laneNodes": [
                                    {
                                        "nodeNumber": 0,
                                        "nodeLat": 48.755004611111026,
                                        "nodeLong": 11.474521333333204,
                                        "nodeElev": 410,
                                        "laneWidthDelta": 0
                                    },
                                    {
                                        "nodeNumber": 1,
                                        "nodeLat": 48.75506791666706,
                                        "nodeLong": 11.474527833333294,
                                        "nodeElev": 410,
                                        "laneWidthDelta": 0
                                    },
                                    {
                                        "nodeNumber": 2,
                                        "nodeLat": 48.75511394444397,
                                        "nodeLong": 11.47453311111076,
                                        "nodeElev": 410,
                                        "laneWidthDelta": 0
                                    },
                                    {
                                        "nodeNumber": 3,
                                        "nodeLat": 48.75522174999981,
                                        "nodeLong": 11.474544805556098,
                                        "nodeElev": 410,
                                        "laneWidthDelta": 0
                                    },
                                    {
                                        "nodeNumber": 4,
                                        "nodeLat": 48.755290333332944,
                                        "nodeLong": 11.474552777778158,
                                        "nodeElev": 410,
                                        "laneWidthDelta": 0
                                    },
                                    {
                                        "nodeNumber": 5,
                                        "nodeLat": 48.755354694444215,
                                        "nodeLong": 11.474559222221936,
                                        "nodeElev": 410,
                                        "laneWidthDelta": 0
                                    },
                                    {
                                        "nodeNumber": 6,
                                        "nodeLat": 48.75542397222174,
                                        "nodeLong": 11.474567111110883,
                                        "nodeElev": 410,
                                        "laneWidthDelta": 0
                                    },
                                    {
                                        "nodeNumber": 7,
                                        "nodeLat": 48.755510972221906,
                                        "nodeLong": 11.474576416667283,
                                        "nodeElev": 409,
                                        "laneWidthDelta": 0
                                    },
                                    {
                                        "nodeNumber": 8,
                                        "nodeLat": 48.75565717187333,
                                        "nodeLong": 11.47463941828408,
                                        "nodeElev": 409,
                                        "laneWidthDelta": 0
                                    },
                                    {
                                        "nodeNumber": 9,
                                        "nodeLat": 48.75578183716271,
                                        "nodeLong": 11.474722566763607,
                                        "nodeElev": 409,
                                        "laneWidthDelta": 0
                                    },
                                    {
                                        "nodeNumber": 10,
                                        "nodeLat": 48.755870252074075,
                                        "nodeLong": 11.474797668616317,
                                        "nodeElev": 410,
                                        "laneWidthDelta": 0
                                    },
                                    {
                                        "nodeNumber": 11,
                                        "nodeLat": 48.75599403268832,
                                        "nodeLong": 11.474998834292188,
                                        "nodeElev": 410,
                                        "laneWidthDelta": 0
                                    },
                                    {
                                        "nodeNumber": 12,
                                        "nodeLat": 48.75606211189652,
                                        "nodeLong": 11.475159766833066,
                                        "nodeElev": 410,
                                        "laneWidthDelta": 0
                                    }
                                ]
                            }
                        ]
                    },
                    {
                        "approachType": "Ingress",
                        "approachID": 5,
                        "drivingLanes": [
                            {
                                "laneID": 7,
                                "descriptiveName": "RSU#11_Ingress_Am Franziskanerwasser_Egress_Am Auwaldsee",
                                "laneType": "Vehicle",
                                "typeAttributes": [
                                    0
                                ],
                                "sharedWith": [
                                    3
                                ],
                                "connections": [
                                    {
                                        "connectionId": 1,
                                        "remoteID": "",
                                        "fromLane": 7,
                                        "toLane": 3,
                                        "signal_id": "",
                                        "maneuvers": [
                                            1
                                        ]
                                    },
                                    {
                                        "connectionId": 2,
                                        "remoteID": "",
                                        "fromLane": 7,
                                        "toLane": 5,
                                        "signal_id": "",
                                        "maneuvers": [
                                            0
                                        ]
                                    }
                                ],
                                "laneManeuvers": [
                                    0,
                                    1,
                                    9
                                ],
                                "laneNodes": [
                                    {
                                        "nodeNumber": 0,
                                        "nodeLat": 48.75487544444403,
                                        "nodeLong": 11.474490888889232,
                                        "nodeElev": 410,
                                        "laneWidthDelta": 0
                                    },
                                    {
                                        "nodeNumber": 1,
                                        "nodeLat": 48.75471652777798,
                                        "nodeLong": 11.474483499999879,
                                        "nodeElev": 411,
                                        "laneWidthDelta": 0
                                    },
                                    {
                                        "nodeNumber": 2,
                                        "nodeLat": 48.7546281111109,
                                        "nodeLong": 11.474479027777663,
                                        "nodeElev": 411,
                                        "laneWidthDelta": 0
                                    },
                                    {
                                        "nodeNumber": 3,
                                        "nodeLat": 48.754581361111036,
                                        "nodeLong": 11.474477138889215,
                                        "nodeElev": 411,
                                        "laneWidthDelta": 0
                                    },
                                    {
                                        "nodeNumber": 4,
                                        "nodeLat": 48.75449994444383,
                                        "nodeLong": 11.474472861110934,
                                        "nodeElev": 410,
                                        "laneWidthDelta": 0
                                    },
                                    {
                                        "nodeNumber": 5,
                                        "nodeLat": 48.754410777777885,
                                        "nodeLong": 11.474468055556253,
                                        "nodeElev": 410,
                                        "laneWidthDelta": 0
                                    },
                                    {
                                        "nodeNumber": 6,
                                        "nodeLat": 48.754236777777905,
                                        "nodeLong": 11.474468500000436,
                                        "nodeElev": 410,
                                        "laneWidthDelta": 0
                                    },
                                    {
                                        "nodeNumber": 7,
                                        "nodeLat": 48.754140111111234,
                                        "nodeLong": 11.474473805555608,
                                        "nodeElev": 410,
                                        "laneWidthDelta": 0
                                    },
                                    {
                                        "nodeNumber": 8,
                                        "nodeLat": 48.75403624999974,
                                        "nodeLong": 11.474484777777914,
                                        "nodeElev": 410,
                                        "laneWidthDelta": 0
                                    },
                                    {
                                        "nodeNumber": 9,
                                        "nodeLat": 48.75396913888911,
                                        "nodeLong": 11.47449208333325,
                                        "nodeElev": 410,
                                        "laneWidthDelta": 0
                                    },
                                    {
                                        "nodeNumber": 10,
                                        "nodeLat": 48.7539129722219,
                                        "nodeLong": 11.474498166666864,
                                        "nodeElev": 410,
                                        "laneWidthDelta": 0
                                    },
                                    {
                                        "nodeNumber": 11,
                                        "nodeLat": 48.75376713888885,
                                        "nodeLong": 11.47451372222221,
                                        "nodeElev": 410,
                                        "laneWidthDelta": 0
                                    }
                                ]
                            }
                        ]
                    },
                    {
                        "approachType": "Both",
                        "approachID": 7,
                        "drivingLanes": [
                            {
                                "laneID": 9,
                                "descriptiveName": "RSU#11_Pedestrain/cycle frei",
                                "laneType": "Bike",
                                "typeAttributes": [
                                    0,
                                    1
                                ],
                                "sharedWith": [
                                    6,
                                    7
                                ],
                                "connections": [
                                    {
                                        "connectionId": "",
                                        "remoteID": "",
                                        "fromLane": 9,
                                        "toLane": 8,
                                        "signal_id": "",
                                        "maneuvers": [
                                            2
                                        ]
                                    }
                                ],
                                "laneManeuvers": [
                                    2
                                ],
                                "laneNodes": [
                                    {
                                        "nodeNumber": 0,
                                        "nodeLat": 48.75492525039614,
                                        "nodeLong": 11.474339807777717,
                                        "nodeElev": 411,
                                        "laneWidthDelta": -75.0
                                    },
                                    {
                                        "nodeNumber": 1,
                                        "nodeLat": 48.75493393026098,
                                        "nodeLong": 11.474066766658973,
                                        "nodeElev": 411,
                                        "laneWidthDelta": 0
                                    },
                                    {
                                        "nodeNumber": 2,
                                        "nodeLat": 48.754962444444146,
                                        "nodeLong": 11.47297420000016,
                                        "nodeElev": 413,
                                        "laneWidthDelta": 0
                                    }
                                ]
                            },
                            {
                                "laneID": 12,
                                "descriptiveName": "RSU#11_Ingress_Am Auwaldsee_Cyclist",
                                "laneType": "Bike",
                                "typeAttributes": [
                                    0
                                ],
                                "sharedWith": [
                                    7
                                ],
                                "connections": [
                                    {
                                        "connectionId": 1,
                                        "remoteID": "",
                                        "fromLane": 12,
                                        "toLane": 11,
                                        "signal_id": "",
                                        "maneuvers": [
                                            0
                                        ]
                                    },
                                    {
                                        "connectionId": "",
                                        "remoteID": "",
                                        "fromLane": 12,
                                        "toLane": 10,
                                        "signal_id": "",
                                        "maneuvers": [
                                            1
                                        ]
                                    }
                                ],
                                "laneManeuvers": [
                                    0,
                                    1
                                ],
                                "laneNodes": [
                                    {
                                        "nodeNumber": 0,
                                        "nodeLat": 48.75493956180586,
                                        "nodeLong": 11.474341496591586,
                                        "nodeElev": 411,
                                        "laneWidthDelta": -200.0
                                    },
                                    {
                                        "nodeNumber": 1,
                                        "nodeLat": 48.75494454023793,
                                        "nodeLong": 11.47411974028703,
                                        "nodeElev": 411,
                                        "laneWidthDelta": 0
                                    },
                                    {
                                        "nodeNumber": 2,
                                        "nodeLat": 48.75493393026098,
                                        "nodeLong": 11.474066096107038,
                                        "nodeElev": 411,
                                        "laneWidthDelta": 0
                                    }
                                ]
                            }
                        ]
                    },
                    {
                        "approachType": "Ingress",
                        "approachID": 8,
                        "drivingLanes": [
                            {
                                "laneID": 8,
                                "descriptiveName": "RSU#11_Cyclist_Am Franziskanerwasser_Egress_Am Auwaldsee",
                                "laneType": "Bike",
                                "typeAttributes": [
                                    0
                                ],
                                "sharedWith": [
                                    7
                                ],
                                "connections": [
                                    {
                                        "connectionId": "",
                                        "remoteID": "",
                                        "fromLane": 8,
                                        "toLane": 9,
                                        "signal_id": "",
                                        "maneuvers": [
                                            1
                                        ]
                                    },
                                    {
                                        "connectionId": "",
                                        "remoteID": "",
                                        "fromLane": 8,
                                        "toLane": 11,
                                        "signal_id": "",
                                        "maneuvers": [
                                            2
                                        ]
                                    }
                                ],
                                "laneManeuvers": [
                                    1,
                                    2
                                ],
                                "laneNodes": [
                                    {
                                        "nodeNumber": 0,
                                        "nodeLat": 48.75487631857979,
                                        "nodeLong": 11.4744571365726,
                                        "nodeElev": 411,
                                        "laneWidthDelta": -150.0
                                    },
                                    {
                                        "nodeNumber": 1,
                                        "nodeLat": 48.754695111110834,
                                        "nodeLong": 11.474446944443693,
                                        "nodeElev": 411,
                                        "laneWidthDelta": 0
                                    },
                                    {
                                        "nodeNumber": 2,
                                        "nodeLat": 48.75461566666688,
                                        "nodeLong": 11.474442611110897,
                                        "nodeElev": 411,
                                        "laneWidthDelta": 0
                                    },
                                    {
                                        "nodeNumber": 3,
                                        "nodeLat": 48.75451913888925,
                                        "nodeLong": 11.474438277778102,
                                        "nodeElev": 411,
                                        "laneWidthDelta": 0
                                    },
                                    {
                                        "nodeNumber": 4,
                                        "nodeLat": 48.75442063888916,
                                        "nodeLong": 11.474432777778098,
                                        "nodeElev": 411,
                                        "laneWidthDelta": 0
                                    },
                                    {
                                        "nodeNumber": 5,
                                        "nodeLat": 48.754348910895686,
                                        "nodeLong": 11.474433667243177,
                                        "nodeElev": 411,
                                        "laneWidthDelta": 0
                                    },
                                    {
                                        "nodeNumber": 6,
                                        "nodeLat": 48.75425294444374,
                                        "nodeLong": 11.474432277777607,
                                        "nodeElev": 410,
                                        "laneWidthDelta": 0
                                    },
                                    {
                                        "nodeNumber": 7,
                                        "nodeLat": 48.75407777777832,
                                        "nodeLong": 11.474444888889016,
                                        "nodeElev": 410,
                                        "laneWidthDelta": 0
                                    },
                                    {
                                        "nodeNumber": 8,
                                        "nodeLat": 48.75384736111096,
                                        "nodeLong": 11.474469638889044,
                                        "nodeElev": 410,
                                        "laneWidthDelta": 0
                                    }
                                ]
                            }
                        ]
                    },
                    {
                        "approachType": "Both",
                        "approachID": 9,
                        "drivingLanes": [
                            {
                                "laneID": 6,
                                "descriptiveName": "RSU#11_Unclassified_Am Franziskanerwasser",
                                "laneType": "Vehicle",
                                "typeAttributes": [
                                    0
                                ],
                                "sharedWith": [
                                    3
                                ],
                                "connections": [
                                    {
                                        "connectionId": "",
                                        "remoteID": "",
                                        "fromLane": 6,
                                        "toLane": 3,
                                        "signal_id": "",
                                        "maneuvers": [
                                            2
                                        ]
                                    },
                                    {
                                        "connectionId": "",
                                        "remoteID": "",
                                        "fromLane": 6,
                                        "toLane": 2,
                                        "signal_id": "",
                                        "maneuvers": [
                                            1
                                        ]
                                    }
                                ],
                                "laneManeuvers": [
                                    1,
                                    2,
                                    8
                                ],
                                "laneNodes": [
                                    {
                                        "nodeNumber": 0,
                                        "nodeLat": 48.755006814551145,
                                        "nodeLong": 11.474476935709164,
                                        "nodeElev": 410,
                                        "laneWidthDelta": 0
                                    },
                                    {
                                        "nodeNumber": 1,
                                        "nodeLat": 48.755061222221954,
                                        "nodeLong": 11.47448288888857,
                                        "nodeElev": 410,
                                        "laneWidthDelta": 0
                                    },
                                    {
                                        "nodeNumber": 2,
                                        "nodeLat": 48.75512980555628,
                                        "nodeLong": 11.474490472221857,
                                        "nodeElev": 410,
                                        "laneWidthDelta": 0
                                    },
                                    {
                                        "nodeNumber": 3,
                                        "nodeLat": 48.75523580555609,
                                        "nodeLong": 11.474502222221707,
                                        "nodeElev": 410,
                                        "laneWidthDelta": 0
                                    },
                                    {
                                        "nodeNumber": 4,
                                        "nodeLat": 48.75533994444397,
                                        "nodeLong": 11.474513444444261,
                                        "nodeElev": 410,
                                        "laneWidthDelta": 0
                                    },
                                    {
                                        "nodeNumber": 5,
                                        "nodeLat": 48.75542880555584,
                                        "nodeLong": 11.474523138889433,
                                        "nodeElev": 410,
                                        "laneWidthDelta": 0
                                    },
                                    {
                                        "nodeNumber": 6,
                                        "nodeLat": 48.755524027777874,
                                        "nodeLong": 11.47453338888871,
                                        "nodeElev": 409,
                                        "laneWidthDelta": 0
                                    },
                                    {
                                        "nodeNumber": 7,
                                        "nodeLat": 48.755667781697554,
                                        "nodeLong": 11.474599185149085,
                                        "nodeElev": 409,
                                        "laneWidthDelta": 0
                                    },
                                    {
                                        "nodeNumber": 8,
                                        "nodeLat": 48.75579421525969,
                                        "nodeLong": 11.474683674732484,
                                        "nodeElev": 409,
                                        "laneWidthDelta": 0
                                    },
                                    {
                                        "nodeNumber": 9,
                                        "nodeLat": 48.75589412407336,
                                        "nodeLong": 11.47476816431678,
                                        "nodeElev": 410,
                                        "laneWidthDelta": 0
                                    },
                                    {
                                        "nodeNumber": 10,
                                        "nodeLat": 48.756019672920594,
                                        "nodeLong": 11.474976035515603,
                                        "nodeElev": 410,
                                        "laneWidthDelta": 0
                                    },
                                    {
                                        "nodeNumber": 11,
                                        "nodeLat": 48.75608333137103,
                                        "nodeLong": 11.475138309161249,
                                        "nodeElev": 410,
                                        "laneWidthDelta": 0
                                    }
                                ]
                            }
                        ]
                    },
                    {
                        "approachType": "Both",
                        "approachID": 10,
                        "drivingLanes": [
                            {
                                "laneID": 10,
                                "descriptiveName": "RSU#11_Pedestrain/cycle frei",
                                "laneType": "Bike",
                                "typeAttributes": [
                                    0,
                                    1
                                ],
                                "sharedWith": [
                                    6,
                                    7
                                ],
                                "connections": [
                                    {
                                        "connectionId": "",
                                        "remoteID": "",
                                        "fromLane": 10,
                                        "toLane": 12,
                                        "signal_id": "",
                                        "maneuvers": [
                                            1
                                        ]
                                    },
                                    {
                                        "connectionId": "",
                                        "remoteID": "",
                                        "fromLane": 10,
                                        "toLane": 8,
                                        "signal_id": "",
                                        "maneuvers": [
                                            1
                                        ]
                                    }
                                ],
                                "laneManeuvers": [
                                    1
                                ],
                                "laneNodes": [
                                    {
                                        "nodeNumber": 0,
                                        "nodeLat": 48.75500466339705,
                                        "nodeLong": 11.474636065525301,
                                        "nodeElev": 410,
                                        "laneWidthDelta": -150.0
                                    },
                                    {
                                        "nodeNumber": 1,
                                        "nodeLat": 48.75498565387628,
                                        "nodeLong": 11.475170495671218,
                                        "nodeElev": 410,
                                        "laneWidthDelta": 0
                                    },
                                    {
                                        "nodeNumber": 2,
                                        "nodeLat": 48.754967528513326,
                                        "nodeLong": 11.47565865771203,
                                        "nodeElev": 410,
                                        "laneWidthDelta": 0
                                    },
                                    {
                                        "nodeNumber": 3,
                                        "nodeLat": 48.75494763481433,
                                        "nodeLong": 11.476207840007717,
                                        "nodeElev": 410,
                                        "laneWidthDelta": 0
                                    }
                                ]
                            }
                        ]
                    },
                    {
                        "approachType": "Both",
                        "approachID": 11,
                        "drivingLanes": [
                            {
                                "laneID": 11,
                                "descriptiveName": "RSU#11_Pedestrain/cycle frei",
                                "laneType": "Bike",
                                "typeAttributes": [
                                    0,
                                    1
                                ],
                                "sharedWith": [
                                    6,
                                    7
                                ],
                                "connections": [
                                    {
                                        "connectionId": "",
                                        "remoteID": "",
                                        "fromLane": 11,
                                        "toLane": 12,
                                        "signal_id": "",
                                        "maneuvers": [
                                            0
                                        ]
                                    },
                                    {
                                        "connectionId": "",
                                        "remoteID": "",
                                        "fromLane": 11,
                                        "toLane": 8,
                                        "signal_id": "",
                                        "maneuvers": [
                                            1
                                        ]
                                    }
                                ],
                                "laneManeuvers": [
                                    0,
                                    1
                                ],
                                "laneNodes": [
                                    {
                                        "nodeNumber": 0,
                                        "nodeLat": 48.754928956834675,
                                        "nodeLong": 11.474627013069231,
                                        "nodeElev": 410,
                                        "laneWidthDelta": -150.0
                                    },
                                    {
                                        "nodeNumber": 1,
                                        "nodeLat": 48.75490994728528,
                                        "nodeLong": 11.475169489841969,
                                        "nodeElev": 410,
                                        "laneWidthDelta": 0
                                    },
                                    {
                                        "nodeNumber": 2,
                                        "nodeLat": 48.75489137981181,
                                        "nodeLong": 11.475660334092318,
                                        "nodeElev": 410,
                                        "laneWidthDelta": 0
                                    },
                                    {
                                        "nodeNumber": 3,
                                        "nodeLat": 48.754871928166025,
                                        "nodeLong": 11.47620616362653,
                                        "nodeElev": 410,
                                        "laneWidthDelta": 0
                                    }
                                ]
                            }
                        ]
                    },
                    {
                        "approachType": "Crosswalk",
                        "approachID": -1,
                        "crosswalkLanes": []
                    }
                ]
            }
        },
        "spatData": {
            "intersections": {
                "status": 0,
                "states": []
            }
        }
    },
    "messageType": "Frame+Map",
    "nodeOffsets": "Tight",
    "enableElevation": true
}